accuracy,auc,precision,recall,f1,dp,optimal_threshold,accuracy_optimal,precision_optimal,recall_optimal,f1_optimal,dp_optimal,dpe,abpc,abcc,sensitive_attribute
0.6732664706899533,0.6992043183892606,0.7910879629629629,0.4721118977724055,0.5913269168378934,0.014064806080085035,0.33,0.533287221165485,0.518362769834595,0.9578656536004144,0.6726897889886005,0.014064806080085035,0.022879153,0.37464254544670117,0.027632235042798176,case:german speaking
0.6732664706899533,0.6992043183892606,0.7910879629629629,0.4721118977724055,0.5913269168378934,0.020974676306076745,0.33,0.533287221165485,0.518362769834595,0.9578656536004144,0.6726897889886005,0.020974676306076745,0.02058974,0.1121807800032519,0.020619064093075568,case:gender
0.6732664706899533,0.6992043183892606,0.7910879629629629,0.4721118977724055,0.5913269168378934,0.006996863533740794,0.33,0.533287221165485,0.518362769834595,0.9578656536004144,0.6726897889886005,0.006996863533740794,0.011712819,0.14605564265931556,0.012668979111141633,case:citizen
0.6732664706899533,0.6992043183892606,0.7910879629629629,0.4721118977724055,0.5913269168378934,0.06780598036877994,0.33,0.533287221165485,0.518362769834595,0.9578656536004144,0.6726897889886005,0.06780598036877994,0.1392529,1.2446537532678972,0.13925371909315648,case:protected
0.6732664706899533,0.6992043183892606,0.7910879629629629,0.4721118977724055,0.5913269168378934,0.022400237686198088,0.33,0.533287221165485,0.518362769834595,0.9578656536004144,0.6726897889886005,0.022400237686198088,0.014301896,0.09923154689335327,0.01628205619985598,case:religious
