accuracy,auc,precision,recall,dp,dpe,abpc,abcc,sensitive_attribute
0.6681653121217361,0.6941495274425684,0.7841140529531568,0.4653773096183733,0.028907475444921726,0.028556854,0.38531697879226434,0.03241443732544596,case:german speaking
0.6681653121217361,0.6941495274425684,0.7841140529531568,0.4653773096183733,0.018501740732959626,0.027361333,0.18641802125719703,0.02736856557863971,case:gender
0.6681653121217361,0.6941495274425684,0.7841140529531568,0.4653773096183733,0.007876255819219746,0.009493232,0.17119130032499774,0.012220002831080205,case:citizen
0.6681653121217361,0.6941495274425684,0.7841140529531568,0.4653773096183733,0.10748642068212691,0.14491567,1.1522005717404857,0.14491383245327152,case:protected
0.6681653121217361,0.6941495274425684,0.7841140529531568,0.4653773096183733,0.02567102439647523,0.018471032,0.10254793528750711,0.019926800172227838,case:religious
