accuracy,auc,precision,recall,f1,dp,optimal_threshold,accuracy_optimal,precision_optimal,recall_optimal,f1_optimal,dp_optimal,dpe,abpc,abcc,sensitive_attribute
0.7114965312190288,0.7460434366856386,0.7264728385615914,0.46373626373626375,0.5661052317782084,0.005801740467084704,0.32,0.5694747274529237,0.48417439938985635,0.9301587301587302,0.6368500250794181,0.005801740467084704,0.011631191,0.08669787081975237,0.013602550919060728,case:german speaking
0.7114965312190288,0.7460434366856386,0.7264728385615914,0.46373626373626375,0.5661052317782084,0.06056825379485867,0.32,0.5694747274529237,0.48417439938985635,0.9301587301587302,0.6368500250794181,0.06056825379485867,0.088272065,0.48617769941994143,0.08940263450055771,case:gender
0.7114965312190288,0.7460434366856386,0.7264728385615914,0.46373626373626375,0.5661052317782084,0.08037735538964086,0.32,0.5694747274529237,0.48417439938985635,0.9301587301587302,0.6368500250794181,0.08037735538964086,0.12466207,0.6434553175093629,0.12494172729386475,case:citizen
0.7114965312190288,0.7460434366856386,0.7264728385615914,0.46373626373626375,0.5661052317782084,0.25260055980852925,0.32,0.5694747274529237,0.48417439938985635,0.9301587301587302,0.6368500250794181,0.25260055980852925,0.36458462,1.685017290683809,0.3646033852622721,case:protected
0.7114965312190288,0.7460434366856386,0.7264728385615914,0.46373626373626375,0.5661052317782084,0.07566286432435496,0.32,0.5694747274529237,0.48417439938985635,0.9301587301587302,0.6368500250794181,0.07566286432435496,0.12665588,0.7115295814673999,0.12687440733816524,case:religious
