accuracy,auc,precision,recall,dp,dpe,abpc,abcc,sensitive_attribute
0.7283194057567317,0.778301568933972,0.7817738494361475,0.53717277486911,0.02284776167573338,0.010290414,0.10834220972989386,0.016436493819948467,case:german speaking
0.7283194057567317,0.778301568933972,0.7817738494361475,0.53717277486911,0.07187977038544713,0.086037904,0.4560626876896693,0.0860392438450901,case:gender
0.7283194057567317,0.778301568933972,0.7817738494361475,0.53717277486911,0.07330167016626377,0.10623038,0.5391839960983323,0.1062376560919705,case:citizen
0.7283194057567317,0.778301568933972,0.7817738494361475,0.53717277486911,0.2701118452102127,0.36674434,1.6280938354535666,0.36674421086298875,case:protected
0.7283194057567317,0.778301568933972,0.7817738494361475,0.53717277486911,0.09330881542222777,0.12792572,0.5951851810661755,0.12792875434537934,case:religious
