accuracy,auc,precision,recall,dp,dpe,abpc,abcc,sensitive_attribute
0.6846034781025221,0.7217707503344759,0.7555341674687199,0.4656911212181135,0.010710103385777658,0.031634092,0.2078932536025701,0.032559648773819456,case:german speaking
0.6846034781025221,0.7217707503344759,0.7555341674687199,0.4656911212181135,0.017491296583085958,0.03352654,0.17991218433012898,0.03408087263978754,case:gender
0.6846034781025221,0.7217707503344759,0.7555341674687199,0.4656911212181135,0.03419438830667931,0.056194305,0.37261453913080617,0.058461871902672935,case:citizen
0.6846034781025221,0.7217707503344759,0.7555341674687199,0.4656911212181135,0.17508723983967256,0.2663024,1.4528361200451665,0.26630282506660496,case:protected
0.6846034781025221,0.7217707503344759,0.7555341674687199,0.4656911212181135,0.027032840731542773,0.050596684,0.2651559862371188,0.050596981855026375,case:religious
