accuracy,auc,precision,recall,f1,dp,optimal_threshold,accuracy_optimal,precision_optimal,recall_optimal,f1_optimal,dp_optimal,dpe,abpc,abcc,sensitive_attribute
0.6867886734043522,0.7247352673614618,0.7595505617977528,0.46786632390745503,0.5790504160548213,0.005584212944554967,0.27,0.5537649094054448,0.5082243778996204,0.9531342693296421,0.6629530293652431,0.005584212944554967,0.03222984,0.2657194146248741,0.0332486215972388,case:german speaking
0.6867886734043522,0.7247352673614618,0.7595505617977528,0.46786632390745503,0.5790504160548213,0.026084113948844745,0.27,0.5537649094054448,0.5082243778996204,0.9531342693296421,0.6629530293652431,0.026084113948844745,0.039120853,0.23875639217177436,0.0394151764807925,case:gender
0.6867886734043522,0.7247352673614618,0.7595505617977528,0.46786632390745503,0.5790504160548213,0.027568203416740655,0.27,0.5537649094054448,0.5082243778996204,0.9531342693296421,0.6629530293652431,0.027568203416740655,0.042469263,0.28198437185026815,0.043620439157675106,case:citizen
0.6867886734043522,0.7247352673614618,0.7595505617977528,0.46786632390745503,0.5790504160548213,0.17486892306202823,0.27,0.5537649094054448,0.5082243778996204,0.9531342693296421,0.6629530293652431,0.17486892306202823,0.26539358,1.6358753181269974,0.2653967624540185,case:protected
0.6867886734043522,0.7247352673614618,0.7595505617977528,0.46786632390745503,0.5790504160548213,0.02264714929216577,0.27,0.5537649094054448,0.5082243778996204,0.9531342693296421,0.6629530293652431,0.02264714929216577,0.055341095,0.35785253250868926,0.05534093417576496,case:religious
