accuracy,auc,precision,recall,dp,dpe,abpc,abcc,sensitive_attribute
0.7486950848194868,0.7110888941053286,0.0,0.0,0.0,0.08892846,0.6490916811997383,0.08985279140763959,case:german speaking
0.7486950848194868,0.7110888941053286,0.0,0.0,0.0,0.08364633,0.6093379009774569,0.08460731563318132,case:gender
0.7486950848194868,0.7110888941053286,0.0,0.0,0.0,0.08988017,0.6562129090525326,0.09105218389689658,case:citizen
0.7486950848194868,0.7110888941053286,0.0,0.0,0.0,0.24708778,1.8650608194290632,0.24854049354188118,case:protected
