accuracy,auc,precision,recall,f1,dp,optimal_threshold,accuracy_optimal,precision_optimal,recall_optimal,f1_optimal,dp_optimal,dpe,abpc,abcc,sensitive_attribute
0.6889064350572444,0.6523055657245692,0.4541176470588235,0.06199807259877931,0.10910118711136235,0.0046013587183126176,0.21,0.542735886300829,0.387106357694593,0.8371345968519114,0.5294057897409853,0.0046013587183126176,0.011057407,0.12696927377515405,0.012759022202062542,case:german speaking
0.6889064350572444,0.6523055657245692,0.4541176470588235,0.06199807259877931,0.10910118711136235,0.0022619488284811445,0.21,0.542735886300829,0.387106357694593,0.8371345968519114,0.5294057897409853,0.0022619488284811445,0.069365054,0.5400197661157995,0.07212576497718823,case:gender
0.6889064350572444,0.6523055657245692,0.4541176470588235,0.06199807259877931,0.10910118711136235,0.0062778192748051825,0.21,0.542735886300829,0.387106357694593,0.8371345968519114,0.5294057897409853,0.0062778192748051825,0.0021475554,0.1372045105194434,0.009283563356732251,case:citizen
0.6889064350572444,0.6523055657245692,0.4541176470588235,0.06199807259877931,0.10910118711136235,0.056932350971198926,0.21,0.542735886300829,0.387106357694593,0.8371345968519114,0.5294057897409853,0.056932350971198926,0.22353137,1.5917125819020386,0.2235322819167774,case:protected
0.6889064350572444,0.6523055657245692,0.4541176470588235,0.06199807259877931,0.10910118711136235,0.023272521548215894,0.21,0.542735886300829,0.387106357694593,0.8371345968519114,0.5294057897409853,0.023272521548215894,0.0007032454,0.1279661458377227,0.013507018060477162,case:married
