accuracy,auc,precision,recall,f1,dp,optimal_threshold,accuracy_optimal,precision_optimal,recall_optimal,f1_optimal,dp_optimal,dpe,abpc,abcc,sensitive_attribute
0.6855139761449512,0.7240177301076203,0.755011135857461,0.4692505438006723,0.578780487804878,0.0005558093200892511,0.27,0.5536738596012019,0.5081673516703551,0.9535297607277041,0.663000137494844,0.09451313268439832,0.029713959,0.2605005987533692,0.030868943878134922,case:german speaking
0.6855139761449512,0.7240177301076203,0.755011135857461,0.4692505438006723,0.578780487804878,0.02461950678484781,0.27,0.5536738596012019,0.5081673516703551,0.9535297607277041,0.663000137494844,0.07862471507345048,0.038071334,0.22294171225720083,0.038139376534326606,case:gender
0.6855139761449512,0.7240177301076203,0.755011135857461,0.4692505438006723,0.578780487804878,0.027983532451958226,0.27,0.5536738596012019,0.5081673516703551,0.9535297607277041,0.663000137494844,0.0817145271553733,0.04410398,0.2944063299221214,0.04510512023085081,case:citizen
0.6855139761449512,0.7240177301076203,0.755011135857461,0.4692505438006723,0.578780487804878,0.1673972650012204,0.27,0.5536738596012019,0.5081673516703551,0.9535297607277041,0.663000137494844,0.7989218602075255,0.2697053,1.6601164434417781,0.2697063376193525,case:protected
0.6855139761449512,0.7240177301076203,0.755011135857461,0.4692505438006723,0.578780487804878,0.022797653690186437,0.27,0.5536738596012019,0.5081673516703551,0.9535297607277041,0.663000137494844,0.09960360904171306,0.056853384,0.35317364411280056,0.05685441838629724,case:religious
