accuracy,auc,precision,recall,f1,dp,optimal_threshold,accuracy_optimal,precision_optimal,recall_optimal,f1_optimal,dp_optimal,dpe,abpc,abcc,sensitive_attribute
0.6740446135223932,0.6988745934316648,0.7873187375604208,0.47815575893628043,0.5949720670391061,0.011648799253005493,0.32,0.5300881895210099,0.5164692820133234,0.9639095147642894,0.6725706367853486,0.12189280741326625,0.015827805,0.4277811202472685,0.032071405538533916,case:german speaking
0.6740446135223932,0.6988745934316648,0.7873187375604208,0.47815575893628043,0.5949720670391061,0.015552747694214553,0.32,0.5300881895210099,0.5164692820133234,0.9639095147642894,0.6725706367853486,0.027829149210028437,0.01750344,0.08759378150213674,0.017729110647275823,case:gender
0.6740446135223932,0.6988745934316648,0.7873187375604208,0.47815575893628043,0.5949720670391061,0.004009728604212837,0.32,0.5300881895210099,0.5164692820133234,0.9639095147642894,0.6725706367853486,0.009094439447297042,0.011820167,0.21051563343728172,0.01443521686214461,case:citizen
0.6740446135223932,0.6988745934316648,0.7873187375604208,0.47815575893628043,0.5949720670391061,0.053388255831504916,0.32,0.5300881895210099,0.5164692820133234,0.9639095147642894,0.6725706367853486,0.6927513240245096,0.14455083,1.2958646006031005,0.14455037421997222,case:protected
0.6740446135223932,0.6988745934316648,0.7873187375604208,0.47815575893628043,0.5949720670391061,0.023312283117847943,0.32,0.5300881895210099,0.5164692820133234,0.9639095147642894,0.6725706367853486,0.012207073694114112,0.013395697,0.11227248519524462,0.018510625169217938,case:religious
