accuracy,auc,precision,recall,f1,dp,optimal_threshold,accuracy_optimal,precision_optimal,recall_optimal,f1_optimal,dp_optimal,dpe,abpc,abcc,sensitive_attribute
0.6820675105485232,0.5904614757557033,0.3522388059701492,0.04048027444253859,0.07261538461538461,0.006376129949616151,0.14,0.4199367088607595,0.3440366972477064,0.9777015437392796,0.5089740155371015,0.006376129949616151,0.0026765168,0.11939663312052756,0.0063069662694206245,case:german speaking
0.6820675105485232,0.5904614757557033,0.3522388059701492,0.04048027444253859,0.07261538461538461,0.0025786159630993705,0.14,0.4199367088607595,0.3440366972477064,0.9777015437392796,0.5089740155371015,0.0025786159630993705,0.008759171,0.11873519492019736,0.009376891555630757,case:gender
0.6820675105485232,0.5904614757557033,0.3522388059701492,0.04048027444253859,0.07261538461538461,0.015070993700781861,0.14,0.4199367088607595,0.3440366972477064,0.9777015437392796,0.5089740155371015,0.015070993700781861,0.011521876,0.14953743724225427,0.011807042388743366,case:citizen
0.6820675105485232,0.5904614757557033,0.3522388059701492,0.04048027444253859,0.07261538461538461,0.02060648516090662,0.14,0.4199367088607595,0.3440366972477064,0.9777015437392796,0.5089740155371015,0.02060648516090662,0.11113584,0.9705242820422442,0.11115145541407323,case:protected
