accuracy,auc,precision,recall,f1,dp,optimal_threshold,accuracy_optimal,precision_optimal,recall_optimal,f1_optimal,dp_optimal,dpe,abpc,abcc,sensitive_attribute
0.7486950848194868,0.7088699588686862,0.0,0.0,0.0,0.0,0.23,0.5988473249238799,0.3766117478510029,0.9099956728688879,0.5327422419252692,0.32176357502975095,0.08737959,0.6429011331895044,0.08814479810831768,case:german speaking
0.7486950848194868,0.7088699588686862,0.0,0.0,0.0,0.0,0.23,0.5988473249238799,0.3766117478510029,0.9099956728688879,0.5327422419252692,0.2943035299516539,0.08340576,0.5946664553690362,0.08374559774268273,case:gender
0.7486950848194868,0.7088699588686862,0.0,0.0,0.0,0.0,0.23,0.5988473249238799,0.3766117478510029,0.9099956728688879,0.5327422419252692,0.32121869001212544,0.090022564,0.648515227789113,0.09086938989035373,case:citizen
0.7486950848194868,0.7088699588686862,0.0,0.0,0.0,0.0,0.23,0.5988473249238799,0.3766117478510029,0.9099956728688879,0.5327422419252692,0.8944417747877623,0.2368088,1.8527424650676545,0.23782781100283396,case:protected
