accuracy,auc,precision,recall,f1,dp,optimal_threshold,accuracy_optimal,precision_optimal,recall_optimal,f1_optimal,dp_optimal,dpe,abpc,abcc,sensitive_attribute
0.5856830912370644,0.6081146145622374,0.4983181162902451,0.23800780353454212,0.3221497359428394,0.049868628443247076,0.34,0.5206493876388494,0.45990730011587483,0.9109478999311453,0.6112266112266113,0.049868628443247076,0.020469844,0.26901708416579173,0.020773171683803285,case:german speaking
0.5856830912370644,0.6081146145622374,0.4983181162902451,0.23800780353454212,0.3221497359428394,0.05956399843090199,0.34,0.5206493876388494,0.45990730011587483,0.9109478999311453,0.6112266112266113,0.05956399843090199,0.005807817,0.19701404067882058,0.010664094213318697,case:gender
0.5856830912370644,0.6081146145622374,0.4983181162902451,0.23800780353454212,0.3221497359428394,0.026601959292181093,0.34,0.5206493876388494,0.45990730011587483,0.9109478999311453,0.6112266112266113,0.026601959292181093,0.020044237,0.32150326028031556,0.02156942575593685,case:citizen
0.5856830912370644,0.6081146145622374,0.4983181162902451,0.23800780353454212,0.3221497359428394,0.21920660496688574,0.34,0.5206493876388494,0.45990730011587483,0.9109478999311453,0.6112266112266113,0.21920660496688574,0.1294587,1.5316166431301137,0.1294606127934234,case:protected
0.5856830912370644,0.6081146145622374,0.4983181162902451,0.23800780353454212,0.3221497359428394,0.05927782468655135,0.34,0.5206493876388494,0.45990730011587483,0.9109478999311453,0.6112266112266113,0.05927782468655135,0.031302273,0.3756280269949471,0.031302963120208846,case:married
