accuracy,auc,precision,recall,f1,dp,optimal_threshold,accuracy_optimal,precision_optimal,recall_optimal,f1_optimal,dp_optimal,dpe,abpc,abcc,sensitive_attribute
0.6549505425909921,0.6330285631967667,0.0,0.0,0.0,0.0,0.34,0.533275713050994,0.41320728866968076,0.839409963818536,0.5538009548292324,0.09013463428757851,0.012219995,0.2125714613134322,0.013802164942505734,case:german speaking
0.6549505425909921,0.6330285631967667,0.0,0.0,0.0,0.0,0.34,0.533275713050994,0.41320728866968076,0.839409963818536,0.5538009548292324,0.10155422349621013,0.018773526,0.23170077641868986,0.019157392155696767,case:gender
0.6549505425909921,0.6330285631967667,0.0,0.0,0.0,0.0,0.34,0.533275713050994,0.41320728866968076,0.839409963818536,0.5538009548292324,0.10190146931719968,0.027160376,0.3801473850327315,0.029610152026438602,case:citizen
0.6549505425909921,0.6330285631967667,0.0,0.0,0.0,0.0,0.34,0.533275713050994,0.41320728866968076,0.839409963818536,0.5538009548292324,0.8593986050124991,0.13193585,1.6569956973734228,0.13193966984451988,case:protected
0.6549505425909921,0.6330285631967667,0.0,0.0,0.0,0.0,0.34,0.533275713050994,0.41320728866968076,0.839409963818536,0.5538009548292324,0.11748591729744562,0.023565799,0.2729937991236478,0.023566664176728314,case:married
