accuracy,auc,precision,recall,f1,dp,optimal_threshold,accuracy_optimal,precision_optimal,recall_optimal,f1_optimal,dp_optimal,dpe,abpc,abcc,sensitive_attribute
0.6850587271237367,0.722384843162567,0.7528481012658228,0.4704370179948586,0.5790434465133261,0.0007366641732452495,0.29,0.5525812619502868,0.5075366290713608,0.9521455408344869,0.6621287128712872,0.09160247888133011,0.023694277,0.21893109594544982,0.024014718719387443,case:german speaking
0.6862423745788947,0.7240400707666653,0.7511693171188026,0.47636938896579,0.5830106485963213,0.017770449707704083,0.25,0.553582809796959,0.5081103855066358,0.9539252521257663,0.6630472132499484,0.07831012681382743,0.028652787,0.18319699004336176,0.02880669579947643,case:gender
0.6876081216425385,0.7250394106577525,0.7589171974522293,0.4712280007909828,0.5814322313041357,0.02416391688610542,0.28,0.5554038058818174,0.5091869060190074,0.9535297607277041,0.6638672816135471,0.08237316423992358,0.029027224,0.17299860608838644,0.029028778305595113,case:citizen
0.6856960757534372,0.7069103746149783,0.75581766018489,0.4688550524026102,0.5787161337564072,0.15292419267426188,0.35000000000000003,0.5900027314941273,0.5378725731473886,0.7779315799881352,0.6360035567051976,0.3989749296371735,0.13100803,0.7456236816068293,0.13100781139817716,case:protected
0.6860602749704088,0.7268199228091021,0.7548305353183402,0.4712280007909828,0.5802288775261748,0.012541719617562952,0.27,0.5534007101884731,0.5080084299262382,0.9533320150286732,0.6628170756857084,0.09681534709472095,0.031914234,0.23379958094682934,0.03192478907726642,case:religious
