accuracy,auc,precision,recall,f1,dp,optimal_threshold,accuracy_optimal,precision_optimal,recall_optimal,f1_optimal,dp_optimal,dpe,abpc,abcc,sensitive_attribute
0.684915611814346,0.5876360814601053,0.3235294117647059,0.022641509433962263,0.04232125681308112,0.0013486990984983155,0.2,0.4273206751054852,0.34404466501240694,0.9512864493996569,0.5053302961275626,0.00959158035580221,0.0025438964,0.03995181519496963,0.0038323348716168756,case:german speaking
0.6838607594936709,0.5827354898044231,0.29901960784313725,0.020926243567753,0.0391151009939083,0.0009437640956513199,0.21,0.4340717299578059,0.3452110184483194,0.937221269296741,0.5045710591929079,0.007095856192855465,0.0022340417,0.06567485840553372,0.0037256567419718545,case:gender
0.6839662447257384,0.5891561754143484,0.3276595744680851,0.026415094339622643,0.04888888888888889,0.0035699086595784336,0.25,0.4380801687763713,0.34345794392523366,0.9077186963979417,0.4983520105471325,0.021862613032452738,0.0041074157,0.06448083751627556,0.006922288241781361,case:citizen
0.6820675105485232,0.5902861606915408,0.3665768194070081,0.046655231560891935,0.08277541083384053,0.02725956756519921,0.06,0.4166666666666667,0.34432670556018574,0.9921097770154373,0.5112250309351246,0.015345618971681074,0.073129356,0.7261554247571127,0.07322895333348353,case:protected
