accuracy,auc,precision,recall,f1,dp,optimal_threshold,accuracy_optimal,precision_optimal,recall_optimal,f1_optimal,dp_optimal,dpe,abpc,abcc,sensitive_attribute
0.7486950848194868,0.7128063912072191,0.0,0.0,0.0,0.0,0.21,0.5987385819921706,0.376544315129812,0.9099956728688879,0.5326747720364742,0.32195816541698585,0.08675051,0.6451377194647241,0.08758484605037523,case:german speaking
0.7486950848194868,0.7101770541381609,0.0,0.0,0.0,0.0,0.26,0.5989560678555894,0.376457922124529,0.9078321073128516,0.5322171486555048,0.2943594075783097,0.07927179,0.5867371205012887,0.07963891545781576,case:gender
0.7486950848194868,0.7111963024868905,0.0,0.0,0.0,0.0,0.24,0.5992822966507177,0.37683757619218355,0.9095629597576806,0.532893902902776,0.3205339172799191,0.08559108,0.6416109496622886,0.08642374652678274,case:citizen
0.7486950848194868,0.6590130810084823,0.0,0.0,0.0,0.0,0.24,0.5438234014789038,0.32965641952983726,0.7888360017308524,0.4649917102410407,0.49471871754068586,0.08691919,0.9910199595578568,0.08702761725852577,case:protected
