accuracy,auc,precision,recall,f1,dp,optimal_threshold,accuracy_optimal,precision_optimal,recall_optimal,f1_optimal,dp_optimal,dpe,abpc,abcc,sensitive_attribute
0.6877220686932491,0.6426793833469404,0.3876651982378855,0.028268551236749116,0.05269461077844311,0.0033615691739126707,0.24,0.5523095144097908,0.3911580235582071,0.8213941535496306,0.5299481865284974,0.00429881515461128,0.0013253391,0.05409391242121494,0.0036070077590034492,case:german speaking
0.6910777733912357,0.6476498304565181,0.44970414201183434,0.024413748795374238,0.04631322364411944,0.005517286265946433,0.25,0.5488551125148046,0.3892433910665451,0.8230003212335368,0.5285198555956678,0.22151773739625258,0.055910885,0.43858297099072274,0.05591202421739213,case:gender
0.6916699565732333,0.6447519780988202,0.43529411764705883,0.011885640860905879,0.023139462163852407,0.004272892506936001,0.21,0.5472759573628109,0.3891062293108637,0.8307099261162866,0.5299723332308638,0.02245687908879157,0.0056703985,0.04670733621640363,0.006159571549402814,case:citizen
0.6910777733912357,0.5983497959990841,0.3950617283950617,0.01027947317699968,0.020037570444583593,0.003725873850497422,0.22,0.42637189103829454,0.3388271826107727,0.9113395438483778,0.49399268674908586,0.055464483550406785,0.033397257,0.4039261256754214,0.03339774565467439,case:protected
0.6935452033162258,0.6457791565429742,0.5202020202020202,0.03308705428846771,0.06221685291452733,0.001374391441888681,0.21,0.5516186340307935,0.39212432106216055,0.8348859620944427,0.5336207781541936,0.03737627309099467,0.00941807,0.08622749783812157,0.009550845790242292,case:married
