accuracy,auc,precision,recall,f1,dp,optimal_threshold,accuracy_optimal,precision_optimal,recall_optimal,f1_optimal,dp_optimal,dpe,abpc,abcc,sensitive_attribute
0.7114965312190288,0.7451584501125785,0.7328874901652243,0.45494505494505494,0.5613982220882929,0.017342300917919384,0.24,0.5651139742319128,0.4820090875598674,0.9584859584859585,0.6414446805033502,0.0015198836002519034,0.014214605,0.11564765224188303,0.017604287673238326,case:german speaking
0.7114965312190288,0.7451584501125785,0.7328874901652243,0.45494505494505494,0.5613982220882929,0.06502064021990461,0.24,0.5651139742319128,0.4820090875598674,0.9584859584859585,0.6414446805033502,0.24374482577977896,0.093040824,0.4949989157788092,0.09370841332910991,case:gender
0.7114965312190288,0.7451584501125785,0.7328874901652243,0.45494505494505494,0.5613982220882929,0.06845671127825215,0.24,0.5651139742319128,0.4820090875598674,0.9584859584859585,0.6414446805033502,0.2816315470720865,0.118312776,0.5826193807050237,0.11945159244035836,case:citizen
0.7114965312190288,0.7451584501125785,0.7328874901652243,0.45494505494505494,0.5613982220882929,0.25215699171491107,0.24,0.5651139742319128,0.4820090875598674,0.9584859584859585,0.6414446805033502,0.9006775701837246,0.38219976,1.7093425398920075,0.38224620009264954,case:protected
0.7114965312190288,0.7451584501125785,0.7328874901652243,0.45494505494505494,0.5613982220882929,0.08279923391760574,0.24,0.5651139742319128,0.4820090875598674,0.9584859584859585,0.6414446805033502,0.2940731899755811,0.12781662,0.6520704762502277,0.1280327920949329,case:religious
