accuracy,auc,precision,recall,f1,dp,optimal_threshold,accuracy_optimal,precision_optimal,recall_optimal,f1_optimal,dp_optimal,dpe,abpc,abcc,sensitive_attribute
0.7151961322931546,0.6500188663275351,0.0,0.0,0.0,0.0,0.24,0.5289528623228217,0.36726703210649964,0.9047067901234568,0.5224462515316921,0.05878784796200742,0.020042062,0.34024887341252397,0.02319815011071166,case:german speaking
0.7151961322931546,0.6500188663275351,0.0,0.0,0.0,0.0,0.24,0.5289528623228217,0.36726703210649964,0.9047067901234568,0.5224462515316921,0.12232950293538591,0.031244695,0.2960902816929317,0.031245352263526604,case:gender
0.7151961322931546,0.6500188663275351,0.0,0.0,0.0,0.0,0.24,0.5289528623228217,0.36726703210649964,0.9047067901234568,0.5224462515316921,0.11654852989163311,0.027083248,0.2614957840068052,0.028071593189441083,case:citizen
0.7151961322931546,0.6500188663275351,0.0,0.0,0.0,0.0,0.24,0.5289528623228217,0.36726703210649964,0.9047067901234568,0.5224462515316921,0.8882860322760155,0.17604956,1.8126600280630887,0.17811227839606825,case:protected
