accuracy,auc,precision,recall,f1,dp,optimal_threshold,accuracy_optimal,precision_optimal,recall_optimal,f1_optimal,dp_optimal,dpe,abpc,abcc,sensitive_attribute
0.673698772263531,0.7015416966617105,0.7875677216994582,0.47694698670350544,0.5941062594106259,0.012955706301855996,0.32,0.530261110150441,0.5165894346617238,0.9625280607839751,0.6723358060430613,0.012955706301855996,0.022984982,0.2684050079803829,0.02311430285800563,case:german speaking
0.6714508040809268,0.6998417607258913,0.7816124469589816,0.4771196684510447,0.5925369933519193,0.015434706523658193,0.26,0.5250734912675082,0.5136222344121412,0.9701260576757037,0.6716480363440732,0.015434706523658193,0.01337859,0.04943711851447941,0.013403334259006892,case:gender
0.6735258516341,0.6983548886501745,0.7858156028368795,0.47832844068381974,0.5946758265349935,0.003657660707676813,0.32,0.5309527926681653,0.5169727323316639,0.9625280607839751,0.6726603511735956,0.003657660707676813,0.0013138056,0.03337211821332395,0.003329494807508167,case:citizen
0.6734393913193844,0.6995284218458109,0.784624081401922,0.4793645311690554,0.5951334548183085,0.04628452799975502,0.33,0.5236901262320595,0.5128088662790697,0.9747884648592644,0.6720638133222215,0.04628452799975502,0.06609386,0.6470792524402473,0.06609293440517047,case:protected
0.673698772263531,0.7022156488535353,0.7897155989658144,0.4747021239854947,0.5929680759275238,0.02363014295649063,0.27,0.5263703959882414,0.5143564810567838,0.9682265584527715,0.6718188353702372,0.02363014295649063,0.012640119,0.046332129321809586,0.01272882844828808,case:religious
