accuracy,auc,precision,recall,f1,dp,optimal_threshold,accuracy_optimal,precision_optimal,recall_optimal,f1_optimal,dp_optimal,dpe,abpc,abcc,sensitive_attribute
0.6856960757534372,0.7236550406032719,0.754681053633767,0.47023927229582757,0.5794346978557505,1.0622701412166258e-05,0.3,0.5539470090139306,0.5083280624077589,0.9535297607277041,0.6631369043526095,1.0622701412166258e-05,0.024736077,0.22594078579934665,0.025158359585702218,case:german speaking
0.6856050259491943,0.7240307607683478,0.7536369386464263,0.4712280007909828,0.5798758973111084,0.018373590870123968,0.24,0.5515797141036147,0.5069284064665127,0.9549139806209215,0.6622779949255982,0.018373590870123968,0.028008014,0.18321699369170738,0.02814416465267358,case:gender
0.6863334243831376,0.723914202258946,0.7575079872204473,0.4688550524026102,0.5792109441797972,0.02181674557772001,0.24,0.552399162341801,0.50739846783503,0.9561004548151077,0.6629644864938983,0.02181674557772001,0.028191179,0.16914275821554417,0.028191443988240944,case:citizen
0.6861513247746517,0.7092259614008137,0.75,0.4775558631599763,0.5835447625951432,0.14487618790628098,0.33,0.5491213693890559,0.5059544062606328,0.8821435633774966,0.643073374657633,0.14487618790628098,0.12816268,0.7508190741384118,0.12816195251394888,case:protected
0.6853318765364654,0.7267793292142875,0.7510191282533709,0.47360094917935536,0.5808877031287897,0.009287565931340669,0.27,0.5537649094054448,0.5082191780821917,0.9537275064267352,0.6630920464700626,0.009287565931340669,0.031536818,0.23997442592845306,0.03155487077696728,case:religious
