accuracy,auc,precision,recall,f1,dp,optimal_threshold,accuracy_optimal,precision_optimal,recall_optimal,f1_optimal,dp_optimal,dpe,abpc,abcc,sensitive_attribute
0.7178394449950446,0.7496504107513282,0.7464454976303317,0.46153846153846156,0.5703938433680399,0.020973206059352628,0.28,0.5666005946481665,0.4829280275116679,0.9601953601953602,0.6426411702214595,0.020973206059352628,0.00979504,0.04806682946812961,0.010127123615769578,case:german speaking
0.710406342913776,0.739534919718406,0.7288333983612953,0.45616605616605616,0.5611294683088014,0.07636829286593694,0.25,0.5603567888999009,0.47916921197312157,0.9577533577533578,0.6387622149837133,0.07636829286593694,0.099675536,0.4263989432986175,0.09969133531223442,case:gender
0.7149653121902874,0.7492001983745102,0.7366990291262135,0.46324786324786327,0.5688155922038981,0.06025915673345705,0.32,0.5717542120911794,0.4856124267888974,0.9313797313797314,0.6383797807347895,0.06025915673345705,0.10289556,0.5320468937881497,0.10291108885241476,case:citizen
0.7105054509415263,0.7320268925773513,0.7336783439490446,0.45006105006105007,0.5578931436355381,0.24171913664311917,0.29,0.5845391476709614,0.49299841201097155,0.833943833943834,0.6196697514062783,0.24171913664311917,0.2434492,1.136656194770318,0.243471492075001,case:protected
0.7176412289395441,0.749705951540814,0.7452755905511811,0.4622710622710623,0.5706103993971364,0.07454253316913065,0.29,0.5649157581764123,0.48198803272682866,0.9638583638583639,0.6426245522631064,0.07454253316913065,0.113848895,0.5590613763124526,0.11390838681680293,case:religious
