accuracy,auc,precision,recall,f1,dp,optimal_threshold,accuracy_optimal,precision_optimal,recall_optimal,f1_optimal,dp_optimal,dpe,abpc,abcc,sensitive_attribute
0.7176412289395441,0.7494666597418891,0.7422239502332815,0.4661782661782662,0.5726713664316784,0.018750146732533418,0.2,0.5612487611496532,0.4799080125877512,0.9682539682539683,0.6417415230233876,0.004578094367433061,0.010867953,0.04338093946246391,0.010984030930981353,case:german speaking
0.7140733399405352,0.74687730210666,0.7339520494972931,0.4634920634920635,0.5681784164047299,0.0737432646864738,0.33,0.5762140733399406,0.48821154096652336,0.9152625152625152,0.636765205572545,0.22676419687707183,0.10018319,0.44562614360700764,0.10019670064029502,case:gender
0.7170465807730426,0.7513474904300592,0.7439024390243902,0.4617826617826618,0.5698357691728191,0.06508964176040508,0.32,0.5835480673934589,0.4928485496591365,0.9003663003663004,0.637007601935038,0.2596534930071781,0.107501626,0.5254222963511718,0.10751446235144838,case:citizen
0.7117938553022795,0.7334236405796037,0.7343071456770628,0.4542124542124542,0.5612552806276403,0.22728107970800326,0.29,0.5690782953419227,0.48270676691729325,0.8622710622710623,0.6189307624890447,0.6093036777759104,0.21564157,1.110289057384529,0.21575363170573555,case:protected
0.7158572844400396,0.7487741819851911,0.7390965732087228,0.4634920634920635,0.5697133423382861,0.0740636799472848,0.28,0.5636273538156591,0.48121034651049294,0.9631257631257631,0.6417704011065007,0.276763920520131,0.11197379,0.530884982870936,0.11199289165295026,case:religious
