accuracy,auc,precision,recall,f1,dp,optimal_threshold,accuracy_optimal,precision_optimal,recall_optimal,f1_optimal,dp_optimal,dpe,abpc,abcc,sensitive_attribute
0.6721424865986512,0.6997140958391175,0.7864717684150186,0.4738387152477983,0.5913793103448276,0.013947455029564404,0.33,0.5277537610236901,0.5152554947602708,0.959419789328268,0.6704476891516834,0.1094744127161611,0.02151978,0.24395972047154457,0.02169776685088911,case:german speaking
0.6740446135223932,0.7019643258945626,0.7884670282614902,0.47694698670350544,0.5943619539487842,0.016683571328129088,0.32,0.5303475704651565,0.5166280685502548,0.963046106026593,0.6724948751959484,0.028433908083837833,0.014178723,0.05232629519872373,0.014179268043144629,case:gender
0.6734393913193844,0.7021472040881469,0.7880434782608695,0.47573821447073045,0.593302465812426,0.003853131052475145,0.32,0.5306934117240186,0.5168414215458847,0.961837333793818,0.6723804925156929,0.010626655439007981,0.00133273,0.02810574166246126,0.002660965962960618,case:citizen
0.6735258516341,0.7017815972089846,0.786628733997155,0.4774650319461233,0.5942402750913389,0.06534199317916822,0.32,0.5217015389936019,0.5118124600930403,0.9689172854429287,0.6698101945803987,0.4616189303238254,0.095289916,0.8691107292298611,0.09529109271166787,case:protected
0.6731800103752378,0.703133209391196,0.7862226017648734,0.47694698670350544,0.5937231298366294,0.02400086979369581,0.33,0.5305204910945875,0.5167517401392111,0.9614919702987395,0.6722202100688156,0.011316797026578174,0.013032675,0.04609386293571742,0.0130603738175686,case:religious
