accuracy,auc,precision,recall,f1,dp,optimal_threshold,accuracy_optimal,precision_optimal,recall_optimal,f1_optimal,dp_optimal,dpe,abpc,abcc,sensitive_attribute
0.6794303797468354,0.5846537135571321,0.36036036036036034,0.0548885077186964,0.09526644834772253,0.00032809082665529593,0.25,0.4501054852320675,0.3475723003449191,0.8987993138936535,0.5012914952645173,0.00032809082665529593,0.0030432045,0.037124025082893516,0.003828876026282987,case:german speaking
0.6897679324894515,0.5819479045146895,0.3375,0.009262435677530018,0.018030050083472453,0.0008047186780501727,0.26,0.44345991561181436,0.348284282225935,0.9296740994854202,0.5067314884068811,0.0008047186780501727,0.0019044876,0.06653577982520932,0.0035930615670556713,case:gender
0.6809071729957806,0.5911130155105495,0.3049645390070922,0.029502572898799314,0.053800437910541135,0.00816682552467106,0.26,0.4439873417721519,0.34881930184804927,0.932418524871355,0.5077052395629028,0.00816682552467106,0.003053069,0.055436902565507554,0.006376868074291995,case:citizen
0.6869198312236287,0.5805897483797726,0.3485714285714286,0.020926243567753,0.039482200647249194,0.014249475553188815,0.04,0.41635021097046415,0.34442595673876875,0.9941680960548885,0.5116073792920822,0.014249475553188815,0.07118438,0.7191921564377407,0.07124612975393471,case:protected
