accuracy,auc,precision,recall,f1,dp,optimal_threshold,accuracy_optimal,precision_optimal,recall_optimal,f1_optimal,dp_optimal,dpe,abpc,abcc,sensitive_attribute
0.7151961322931546,0.6554943096358508,0.0,0.0,0.0,0.0,0.23,0.5289528623228217,0.36726703210649964,0.9047067901234568,0.5224462515316921,0.0,0.009691626,0.13738905503323817,0.01162541019709751,case:german speaking
0.7151961322931546,0.6485379514878733,0.0,0.0,0.0,0.0,0.22,0.527634325898253,0.36670310791816335,0.9058641975308642,0.5220678154530295,0.0,0.023855567,0.2463843168838126,0.02386763393790513,case:gender
0.7151961322931546,0.6520051652128391,0.0,0.0,0.0,0.0,0.21,0.5256565212613998,0.3660090104085754,0.9089506172839507,0.5218739616790342,0.0,0.022144169,0.24205154271052987,0.02322866121514402,case:citizen
0.7151961322931546,0.6209598319705478,0.0,0.0,0.0,0.0,0.27,0.45742226128996816,0.3342752189884148,0.9128086419753086,0.4893485005170631,0.0,0.04336287,0.8507698549322399,0.04604980680540963,case:protected
