accuracy,auc,precision,recall,f1,dp,optimal_threshold,accuracy_optimal,precision_optimal,recall_optimal,f1_optimal,dp_optimal,dpe,abpc,abcc,sensitive_attribute
0.6549505425909921,0.6317208518029112,0.0,0.0,0.0,0.0,0.34,0.5315471045808124,0.4124062713019768,0.8419148344002226,0.553623718887262,0.08809360708182534,0.013642937,0.1722249054891312,0.013643763566614711,case:german speaking
0.6549505425909921,0.6334217601347685,0.0,0.0,0.0,0.0,0.32,0.5300105637184289,0.41179661016949154,0.8452546618424714,0.5537928519328957,0.09724690070037234,0.014531106,0.1976947021630603,0.01458891526800143,case:gender
0.6549505425909921,0.6284505020759656,0.0,0.0,0.0,0.0,0.33,0.5313550369730144,0.4123416428279526,0.8424714723072642,0.5536857508688494,0.09827139152981856,0.014976323,0.2024760728293405,0.015795888145426477,case:citizen
0.6549505425909921,0.6073630666667754,0.0,0.0,0.0,0.0,0.32,0.4555843656967252,0.3809086737035337,0.9240189256888394,0.5394426842148021,0.06926038493649422,0.028957516,0.3946366617315583,0.028958180458390343,case:protected
0.6549505425909921,0.6292839489949911,0.0,0.0,0.0,0.0,0.33,0.5322193412081052,0.4125615763546798,0.8391316448650153,0.5531602605265572,0.11782692733886124,0.018425584,0.2332125158907225,0.0184413809544245,case:married
