accuracy,auc,precision,recall,f1,dp,optimal_threshold,accuracy_optimal,precision_optimal,recall_optimal,f1_optimal,dp_optimal,dpe,abpc,abcc,sensitive_attribute
0.5852083926706542,0.6078190796241174,0.4975747776879547,0.2825338535689695,0.36041575172009954,0.03199305828440735,0.31,0.5112503560239248,0.45530568425810825,0.924718843240762,0.6101771921853703,0.03199305828440735,0.02064991,0.2521549195574804,0.020675883564742453,case:german speaking
0.5900503180480395,0.6137851133783883,0.507451280091708,0.30479687858618315,0.3808431316317752,0.0037610038765950593,0.35000000000000003,0.5250166144498244,0.4622310570626754,0.9072756483819142,0.6124409326826246,0.0037610038765950593,0.0011512339,0.03298929824989072,0.0021991699914159254,case:gender
0.5887211620620906,0.6108704569562886,0.5053763440860215,0.26968097314666056,0.3516911104459743,0.03463911315825932,0.31,0.51011107946454,0.4547911271253237,0.9270140004590315,0.6102130231152743,0.03463911315825932,0.019093335,0.23416349782525192,0.019094063318591405,case:citizen
0.5816956232792176,0.5988695830424747,0.48924022837066317,0.2556805141152169,0.3358456436539041,0.1741357468077803,0.31,0.5011867464160258,0.4507088691064952,0.9412439752123021,0.6095422116527943,0.1741357468077803,0.070964724,0.7990943908174556,0.07096443427257335,case:protected
0.5902401974746037,0.6084434656992916,0.5151739452257587,0.15974294239155382,0.24386825508058865,0.026246821374603102,0.3,0.5083072249121807,0.4538927529728517,0.9286206105118201,0.609750583980107,0.026246821374603102,0.02381906,0.29203900740768196,0.023818022560217703,case:married
